model_id,heldout_city,feature,standardized_coef
P0_policy_clock_only,Austin,time_remaining_frac,0.11377897826309229
P0_policy_clock_only,Austin,delay_feasible,0.45312294352627297
P0_policy_clock_only,Austin,delay_fraction,-0.10736489520993586
P0_policy_clock_only,Austin,intervention_R,-0.18337784059824203
P0_policy_clock_only,Austin,intervention_C,0.016528160510457957
P0_policy_clock_only,Austin,intervention_S,0.1331687789460532
P0_policy_clock_only,Austin,budget_fraction_of_baseline,-0.013408342154955347
P0_policy_clock_only,Chicago,time_remaining_frac,0.07833212860942168
P0_policy_clock_only,Chicago,delay_feasible,0.4826543342620859
P0_policy_clock_only,Chicago,delay_fraction,-0.11158351348121456
P0_policy_clock_only,Chicago,intervention_R,-0.18896481394397857
P0_policy_clock_only,Chicago,intervention_C,0.017806761065794954
P0_policy_clock_only,Chicago,intervention_S,0.13910003341856492
P0_policy_clock_only,Chicago,budget_fraction_of_baseline,-0.20547649456039926
P0_policy_clock_only,Dallas,time_remaining_frac,0.0894380260956342
P0_policy_clock_only,Dallas,delay_feasible,0.48170433733540247
P0_policy_clock_only,Dallas,delay_fraction,-0.11047295916910639
P0_policy_clock_only,Dallas,intervention_R,-0.19569678089375686
P0_policy_clock_only,Dallas,intervention_C,0.012847595603622313
P0_policy_clock_only,Dallas,intervention_S,0.14224007380361162
P0_policy_clock_only,Dallas,budget_fraction_of_baseline,-0.17606852917203705
P0_policy_clock_only,Houston,time_remaining_frac,0.1048088502267423
P0_policy_clock_only,Houston,delay_feasible,0.48033733623462344
P0_policy_clock_only,Houston,delay_fraction,-0.11133939205631851
P0_policy_clock_only,Houston,intervention_R,-0.19356668553022222
P0_policy_clock_only,Houston,intervention_C,0.014549178842136702
P0_policy_clock_only,Houston,intervention_S,0.14206026965415655
P0_policy_clock_only,Houston,budget_fraction_of_baseline,-0.11172792322499489
P0_policy_clock_only,New York,time_remaining_frac,0.17196161722571301
P0_policy_clock_only,New York,delay_feasible,0.5638233019914719
P0_policy_clock_only,New York,delay_fraction,-0.1211558934374882
P0_policy_clock_only,New York,intervention_R,-0.18887528319809768
P0_policy_clock_only,New York,intervention_C,0.03473577496010648
P0_policy_clock_only,New York,intervention_S,0.10826136597275034
P0_policy_clock_only,New York,budget_fraction_of_baseline,0.172799623708838
P0_policy_clock_only,Philadelphia,time_remaining_frac,0.11011005313250095
P0_policy_clock_only,Philadelphia,delay_feasible,0.46829361682585857
P0_policy_clock_only,Philadelphia,delay_fraction,-0.09568860961617465
P0_policy_clock_only,Philadelphia,intervention_R,-0.17259020983064907
P0_policy_clock_only,Philadelphia,intervention_C,0.0061066302625105906
P0_policy_clock_only,Philadelphia,intervention_S,0.13988184324745184
P0_policy_clock_only,Philadelphia,budget_fraction_of_baseline,-0.08229333882714233
P0_policy_clock_only,San Antonio,time_remaining_frac,0.10719030762209796
P0_policy_clock_only,San Antonio,delay_feasible,0.4539143746752459
P0_policy_clock_only,San Antonio,delay_fraction,-0.09815354405034311
P0_policy_clock_only,San Antonio,intervention_R,-0.17524771878923973
P0_policy_clock_only,San Antonio,intervention_C,0.008219654276288334
P0_policy_clock_only,San Antonio,intervention_S,0.13657371574341953
P0_policy_clock_only,San Antonio,budget_fraction_of_baseline,-0.006042396895307085
P1_clock_plus_efficiency,Austin,time_remaining_frac,0.0569753170701815
P1_clock_plus_efficiency,Austin,delay_feasible,0.3846589950779339
P1_clock_plus_efficiency,Austin,delay_fraction,-0.327922061789193
P1_clock_plus_efficiency,Austin,intervention_R,-0.9720381013804664
P1_clock_plus_efficiency,Austin,intervention_C,-0.28022561383626016
P1_clock_plus_efficiency,Austin,intervention_S,1.0807232777228846
P1_clock_plus_efficiency,Austin,budget_fraction_of_baseline,-0.05261385616050316
P1_clock_plus_efficiency,Austin,log_eta_per_cost,-1.5418503205116256
P1_clock_plus_efficiency,Austin,eta_per_cost_rank,-0.37410973827829924
P1_clock_plus_efficiency,Chicago,time_remaining_frac,0.014691068488738458
P1_clock_plus_efficiency,Chicago,delay_feasible,0.4153077667092816
P1_clock_plus_efficiency,Chicago,delay_fraction,0.0694956426477701
P1_clock_plus_efficiency,Chicago,intervention_R,0.30248592137721125
P1_clock_plus_efficiency,Chicago,intervention_C,0.13947150753914944
P1_clock_plus_efficiency,Chicago,intervention_S,-0.39427835855675897
P1_clock_plus_efficiency,Chicago,budget_fraction_of_baseline,-0.2766712171362193
P1_clock_plus_efficiency,Chicago,log_eta_per_cost,0.9673162319519291
P1_clock_plus_efficiency,Chicago,eta_per_cost_rank,-0.42715289127351747
P1_clock_plus_efficiency,Dallas,time_remaining_frac,0.04421774122510109
P1_clock_plus_efficiency,Dallas,delay_feasible,0.42375459214523387
P1_clock_plus_efficiency,Dallas,delay_fraction,-0.7682191113970765
P1_clock_plus_efficiency,Dallas,intervention_R,-2.5276988499128135
P1_clock_plus_efficiency,Dallas,intervention_C,-0.8224148787330743
P1_clock_plus_efficiency,Dallas,intervention_S,2.840919663119835
P1_clock_plus_efficiency,Dallas,budget_fraction_of_baseline,-0.21410808503231663
P1_clock_plus_efficiency,Dallas,log_eta_per_cost,-4.5213820043581086
P1_clock_plus_efficiency,Dallas,eta_per_cost_rank,-0.27562859616478597
P1_clock_plus_efficiency,Houston,time_remaining_frac,0.04830957623672832
P1_clock_plus_efficiency,Houston,delay_feasible,0.41673492173267146
P1_clock_plus_efficiency,Houston,delay_fraction,-0.12607664004548297
P1_clock_plus_efficiency,Houston,intervention_R,-0.32163480484572576
P1_clock_plus_efficiency,Houston,intervention_C,-0.06525992160472756
P1_clock_plus_efficiency,Houston,intervention_S,0.3268775624733785
P1_clock_plus_efficiency,Houston,budget_fraction_of_baseline,-0.16620952306675943
P1_clock_plus_efficiency,Houston,log_eta_per_cost,-0.250674281218125
P1_clock_plus_efficiency,Houston,eta_per_cost_rank,-0.3879437003853925
P1_clock_plus_efficiency,New York,time_remaining_frac,0.10965852714409233
P1_clock_plus_efficiency,New York,delay_feasible,0.5026472961446363
P1_clock_plus_efficiency,New York,delay_fraction,0.3664523253339187
P1_clock_plus_efficiency,New York,intervention_R,1.4981182909858304
P1_clock_plus_efficiency,New York,intervention_C,0.5956090068180924
P1_clock_plus_efficiency,New York,intervention_S,-1.7315346796874636
P1_clock_plus_efficiency,New York,budget_fraction_of_baseline,0.12860962848508703
P1_clock_plus_efficiency,New York,log_eta_per_cost,3.2034543513256497
P1_clock_plus_efficiency,New York,eta_per_cost_rank,-0.5264428811987794
P1_clock_plus_efficiency,Philadelphia,time_remaining_frac,0.05227654163624496
P1_clock_plus_efficiency,Philadelphia,delay_feasible,0.4034681663250986
P1_clock_plus_efficiency,Philadelphia,delay_fraction,-0.16655530569603808
P1_clock_plus_efficiency,Philadelphia,intervention_R,-0.4510096940852091
P1_clock_plus_efficiency,Philadelphia,intervention_C,-0.11373943161560934
P1_clock_plus_efficiency,Philadelphia,intervention_S,0.49852299072475925
P1_clock_plus_efficiency,Philadelphia,budget_fraction_of_baseline,-0.1388543829478429
P1_clock_plus_efficiency,Philadelphia,log_eta_per_cost,-0.5409772847577785
P1_clock_plus_efficiency,Philadelphia,eta_per_cost_rank,-0.3679020119621878
P1_clock_plus_efficiency,San Antonio,time_remaining_frac,0.04829585852115082
P1_clock_plus_efficiency,San Antonio,delay_feasible,0.3858994274745054
P1_clock_plus_efficiency,San Antonio,delay_fraction,-0.049259080154183336
P1_clock_plus_efficiency,San Antonio,intervention_R,-0.09437851509094083
P1_clock_plus_efficiency,San Antonio,intervention_C,-0.0010996514868337397
P1_clock_plus_efficiency,San Antonio,intervention_S,0.07917501048782406
P1_clock_plus_efficiency,San Antonio,budget_fraction_of_baseline,-0.05929306060788678
P1_clock_plus_efficiency,San Antonio,log_eta_per_cost,0.16578859491804432
P1_clock_plus_efficiency,San Antonio,eta_per_cost_rank,-0.4048645080717279
P2_add_local_deficit,Austin,time_remaining_frac,0.09876195829298781
P2_add_local_deficit,Austin,delay_feasible,0.40939768358466694
P2_add_local_deficit,Austin,delay_fraction,-0.43841009437674056
P2_add_local_deficit,Austin,intervention_R,-1.3587353828828743
P2_add_local_deficit,Austin,intervention_C,-0.42215556007443306
P2_add_local_deficit,Austin,intervention_S,1.5416870105630456
P2_add_local_deficit,Austin,budget_fraction_of_baseline,-0.055310106476888304
P2_add_local_deficit,Austin,log_eta_per_cost,-2.357395410028839
P2_add_local_deficit,Austin,eta_per_cost_rank,38.22049049539228
P2_add_local_deficit,Austin,local_remaining_rank,39.303737055660775
P2_add_local_deficit,Austin,access_remaining_rank,0.13864356438139624
P2_add_local_deficit,Austin,passive_b_rank,0.18916944979901443
P2_add_local_deficit,Austin,passive_ell_rank,-0.1314525418494178
P2_add_local_deficit,Austin,b0_rank,-0.10445113208718432
P2_add_local_deficit,Austin,h_total_rank,-0.2508960933149279
P2_add_local_deficit,Austin,local_need_rank,-0.8254039255917824
P2_add_local_deficit,Chicago,time_remaining_frac,0.0791874048763478
P2_add_local_deficit,Chicago,delay_feasible,0.44678904298168926
P2_add_local_deficit,Chicago,delay_fraction,-0.030748967352750962
P2_add_local_deficit,Chicago,intervention_R,-0.03881353237316911
P2_add_local_deficit,Chicago,intervention_C,0.015709965272371285
P2_add_local_deficit,Chicago,intervention_S,0.016257800501471315
P2_add_local_deficit,Chicago,budget_fraction_of_baseline,-0.2215435670508462
P2_add_local_deficit,Chicago,log_eta_per_cost,0.24232556815505987
P2_add_local_deficit,Chicago,eta_per_cost_rank,45.28820154621924
P2_add_local_deficit,Chicago,local_remaining_rank,46.55103626966193
P2_add_local_deficit,Chicago,access_remaining_rank,0.16276458762147414
P2_add_local_deficit,Chicago,passive_b_rank,0.15825043586443502
P2_add_local_deficit,Chicago,passive_ell_rank,-0.14666918121183306
P2_add_local_deficit,Chicago,b0_rank,-0.24168865949629517
P2_add_local_deficit,Chicago,h_total_rank,-0.21620760933559277
P2_add_local_deficit,Chicago,local_need_rank,-0.8054616386568452
P2_add_local_deficit,Dallas,time_remaining_frac,0.09474156732516713
P2_add_local_deficit,Dallas,delay_feasible,0.4510433361324959
P2_add_local_deficit,Dallas,delay_fraction,-0.8224920044646119
P2_add_local_deficit,Dallas,intervention_R,-2.7396790704236915
P2_add_local_deficit,Dallas,intervention_C,-0.9066182131379157
P2_add_local_deficit,Dallas,intervention_S,3.0946369844321824
P2_add_local_deficit,Dallas,budget_fraction_of_baseline,-0.1501637753969179
P2_add_local_deficit,Dallas,log_eta_per_cost,-4.991479598823327
P2_add_local_deficit,Dallas,eta_per_cost_rank,49.54347340715175
P2_add_local_deficit,Dallas,local_remaining_rank,50.52461911636484
P2_add_local_deficit,Dallas,access_remaining_rank,0.14135719850527478
P2_add_local_deficit,Dallas,passive_b_rank,0.1622325801246086
P2_add_local_deficit,Dallas,passive_ell_rank,-0.15813067261292893
P2_add_local_deficit,Dallas,b0_rank,-0.1631963129521427
P2_add_local_deficit,Dallas,h_total_rank,-0.18454247393830567
P2_add_local_deficit,Dallas,local_need_rank,-0.7801055541465514
P2_add_local_deficit,Houston,time_remaining_frac,0.09737862574925142
P2_add_local_deficit,Houston,delay_feasible,0.44364385513953886
P2_add_local_deficit,Houston,delay_fraction,-0.2443142003299003
P2_add_local_deficit,Houston,intervention_R,-0.7391754264786353
P2_add_local_deficit,Houston,intervention_C,-0.2189335048756287
P2_add_local_deficit,Houston,intervention_S,0.8212516359512578
P2_add_local_deficit,Houston,budget_fraction_of_baseline,-0.09799936542278924
P2_add_local_deficit,Houston,log_eta_per_cost,-1.1280191617201285
P2_add_local_deficit,Houston,eta_per_cost_rank,50.41939581554243
P2_add_local_deficit,Houston,local_remaining_rank,51.48498573557295
P2_add_local_deficit,Houston,access_remaining_rank,0.15621787387159072
P2_add_local_deficit,Houston,passive_b_rank,0.1909928737738536
P2_add_local_deficit,Houston,passive_ell_rank,-0.1556799978417463
P2_add_local_deficit,Houston,b0_rank,-0.12626027164288364
P2_add_local_deficit,Houston,h_total_rank,-0.2076368644806438
P2_add_local_deficit,Houston,local_need_rank,-0.8041887739751775
P2_add_local_deficit,New York,time_remaining_frac,0.11949878362892397
P2_add_local_deficit,New York,delay_feasible,0.5125761737881195
P2_add_local_deficit,New York,delay_fraction,0.2107787467305832
P2_add_local_deficit,New York,intervention_R,0.8940466097700693
P2_add_local_deficit,New York,intervention_C,0.3670411353361007
P2_add_local_deficit,New York,intervention_S,-1.0449612016805143
P2_add_local_deficit,New York,budget_fraction_of_baseline,0.13738379774977552
P2_add_local_deficit,New York,log_eta_per_cost,2.0209814022724637
P2_add_local_deficit,New York,eta_per_cost_rank,27.812451684868048
P2_add_local_deficit,New York,local_remaining_rank,28.926338940579438
P2_add_local_deficit,New York,access_remaining_rank,0.17853066493924455
P2_add_local_deficit,New York,passive_b_rank,0.43451429928349583
P2_add_local_deficit,New York,passive_ell_rank,-0.12187440032787353
P2_add_local_deficit,New York,b0_rank,-0.19465286842122068
P2_add_local_deficit,New York,h_total_rank,-0.5155225492112439
P2_add_local_deficit,New York,local_need_rank,-0.5463198261876461
P2_add_local_deficit,Philadelphia,time_remaining_frac,0.1081160031205668
P2_add_local_deficit,Philadelphia,delay_feasible,0.43197994467418505
P2_add_local_deficit,Philadelphia,delay_fraction,-0.33173514966346873
P2_add_local_deficit,Philadelphia,intervention_R,-0.9764236792194217
P2_add_local_deficit,Philadelphia,intervention_C,-0.2910601387662542
P2_add_local_deficit,Philadelphia,intervention_S,1.1252425883445913
P2_add_local_deficit,Philadelphia,budget_fraction_of_baseline,-0.05872194367689183
P2_add_local_deficit,Philadelphia,log_eta_per_cost,-1.6470202276754384
P2_add_local_deficit,Philadelphia,eta_per_cost_rank,57.30262852999629
P2_add_local_deficit,Philadelphia,local_remaining_rank,58.41805612036381
P2_add_local_deficit,Philadelphia,access_remaining_rank,0.1759658280488541
P2_add_local_deficit,Philadelphia,passive_b_rank,0.23243064605959293
P2_add_local_deficit,Philadelphia,passive_ell_rank,-0.19505056126489026
P2_add_local_deficit,Philadelphia,b0_rank,-0.21263413607909298
P2_add_local_deficit,Philadelphia,h_total_rank,-0.23202539750512602
P2_add_local_deficit,Philadelphia,local_need_rank,-0.7832697539852929
P2_add_local_deficit,San Antonio,time_remaining_frac,0.09855190412289995
P2_add_local_deficit,San Antonio,delay_feasible,0.41345562191790886
P2_add_local_deficit,San Antonio,delay_fraction,-0.17694155775439127
P2_add_local_deficit,San Antonio,intervention_R,-0.5252501303562681
P2_add_local_deficit,San Antonio,intervention_C,-0.15529810205737377
P2_add_local_deficit,San Antonio,intervention_S,0.5924563233460092
P2_add_local_deficit,San Antonio,budget_fraction_of_baseline,-0.03273815131397294
P2_add_local_deficit,San Antonio,log_eta_per_cost,-0.742744418816231
P2_add_local_deficit,San Antonio,eta_per_cost_rank,44.020254078471986
P2_add_local_deficit,San Antonio,local_remaining_rank,44.89257846846134
P2_add_local_deficit,San Antonio,access_remaining_rank,0.14878737856989097
P2_add_local_deficit,San Antonio,passive_b_rank,0.21093973208831424
P2_add_local_deficit,San Antonio,passive_ell_rank,-0.15553789473270477
P2_add_local_deficit,San Antonio,b0_rank,-0.0696054301324261
P2_add_local_deficit,San Antonio,h_total_rank,-0.016531975583923757
P2_add_local_deficit,San Antonio,local_need_rank,-0.8540690195077403
P3_add_od_exposure,Austin,time_remaining_frac,0.11530222442817634
P3_add_od_exposure,Austin,delay_feasible,0.37850762814592676
P3_add_od_exposure,Austin,delay_fraction,0.6841559241996038
P3_add_od_exposure,Austin,intervention_R,2.2298898740843125
P3_add_od_exposure,Austin,intervention_C,0.7467193590907999
P3_add_od_exposure,Austin,intervention_S,-2.585064174945232
P3_add_od_exposure,Austin,budget_fraction_of_baseline,0.3390579438582729
P3_add_od_exposure,Austin,log_eta_per_cost,4.593090671473407
P3_add_od_exposure,Austin,eta_per_cost_rank,-1.284942316099878
P3_add_od_exposure,Austin,local_remaining_rank,1.7625769137297873
P3_add_od_exposure,Austin,access_remaining_rank,0.029367717050038232
P3_add_od_exposure,Austin,passive_b_rank,0.2265030300359726
P3_add_od_exposure,Austin,passive_ell_rank,-0.04459693898255487
P3_add_od_exposure,Austin,b0_rank,-0.15660297841530543
P3_add_od_exposure,Austin,h_total_rank,-0.1990028164575063
P3_add_od_exposure,Austin,local_need_rank,-0.7416091236613336
P3_add_od_exposure,Austin,origin_exposure_rank,-0.04996582028707135
P3_add_od_exposure,Austin,destination_importance_rank,-2.4310518916648722
P3_add_od_exposure,Austin,log_law_exposure,1.0133228840526056
P3_add_od_exposure,Chicago,time_remaining_frac,0.11009659210826678
P3_add_od_exposure,Chicago,delay_feasible,0.4270784154698753
P3_add_od_exposure,Chicago,delay_fraction,0.70953946821159
P3_add_od_exposure,Chicago,intervention_R,2.2523894741805255
P3_add_od_exposure,Chicago,intervention_C,0.7429009831764126
P3_add_od_exposure,Chicago,intervention_S,-2.6338568486781275
P3_add_od_exposure,Chicago,budget_fraction_of_baseline,0.2442825663275204
P3_add_od_exposure,Chicago,log_eta_per_cost,4.661614492766821
P3_add_od_exposure,Chicago,eta_per_cost_rank,-2.348341236807915
P3_add_od_exposure,Chicago,local_remaining_rank,0.5586597797478913
P3_add_od_exposure,Chicago,access_remaining_rank,0.04195470767709475
P3_add_od_exposure,Chicago,passive_b_rank,0.2077360800524542
P3_add_od_exposure,Chicago,passive_ell_rank,-0.04555119798018841
P3_add_od_exposure,Chicago,b0_rank,-0.2243837374000069
P3_add_od_exposure,Chicago,h_total_rank,-0.2297232036626803
P3_add_od_exposure,Chicago,local_need_rank,-0.7402532254829041
P3_add_od_exposure,Chicago,origin_exposure_rank,-0.04051386587388257
P3_add_od_exposure,Chicago,destination_importance_rank,-2.113488544441476
P3_add_od_exposure,Chicago,log_law_exposure,1.0336001806477333
P3_add_od_exposure,Dallas,time_remaining_frac,0.1163077100667396
P3_add_od_exposure,Dallas,delay_feasible,0.427067777699062
P3_add_od_exposure,Dallas,delay_fraction,0.024527294003943198
P3_add_od_exposure,Dallas,intervention_R,0.12213001135116505
P3_add_od_exposure,Dallas,intervention_C,0.058628187089845095
P3_add_od_exposure,Dallas,intervention_S,-0.15644864887124152
P3_add_od_exposure,Dallas,budget_fraction_of_baseline,0.24811982279327177
P3_add_od_exposure,Dallas,log_eta_per_cost,0.47289208562022567
P3_add_od_exposure,Dallas,eta_per_cost_rank,-3.5978915505176463
P3_add_od_exposure,Dallas,local_remaining_rank,-0.7396441848110168
P3_add_od_exposure,Dallas,access_remaining_rank,0.023206456074458877
P3_add_od_exposure,Dallas,passive_b_rank,0.1890852659008302
P3_add_od_exposure,Dallas,passive_ell_rank,-0.04708821097234642
P3_add_od_exposure,Dallas,b0_rank,-0.1896690987091485
P3_add_od_exposure,Dallas,h_total_rank,-0.18544686445835842
P3_add_od_exposure,Dallas,local_need_rank,-0.7096914042954148
P3_add_od_exposure,Dallas,origin_exposure_rank,-0.05486505086373619
P3_add_od_exposure,Dallas,destination_importance_rank,-2.263298771304907
P3_add_od_exposure,Dallas,log_law_exposure,1.0257231038912946
P3_add_od_exposure,Houston,time_remaining_frac,0.11675870864763986
P3_add_od_exposure,Houston,delay_feasible,0.41732189662687463
P3_add_od_exposure,Houston,delay_fraction,0.5709029575858299
P3_add_od_exposure,Houston,intervention_R,1.9052276533780355
P3_add_od_exposure,Houston,intervention_C,0.6535709078787342
P3_add_od_exposure,Houston,intervention_S,-2.2074375628979626
P3_add_od_exposure,Houston,budget_fraction_of_baseline,0.3037738457443583
P3_add_od_exposure,Houston,log_eta_per_cost,3.956790619095302
P3_add_od_exposure,Houston,eta_per_cost_rank,-3.5230574946107907
P3_add_od_exposure,Houston,local_remaining_rank,-0.3855588414982033
P3_add_od_exposure,Houston,access_remaining_rank,0.031078473475423397
P3_add_od_exposure,Houston,passive_b_rank,0.21321507702765835
P3_add_od_exposure,Houston,passive_ell_rank,-0.042168238213605394
P3_add_od_exposure,Houston,b0_rank,-0.15515470816461122
P3_add_od_exposure,Houston,h_total_rank,-0.20737133267247831
P3_add_od_exposure,Houston,local_need_rank,-0.733242543028377
P3_add_od_exposure,Houston,origin_exposure_rank,-0.04739044957140797
P3_add_od_exposure,Houston,destination_importance_rank,-2.4790622303251437
P3_add_od_exposure,Houston,log_law_exposure,1.0341858164275113
P3_add_od_exposure,New York,time_remaining_frac,0.11568881717154539
P3_add_od_exposure,New York,delay_feasible,0.4838418097062046
P3_add_od_exposure,New York,delay_fraction,0.4526972202880943
P3_add_od_exposure,New York,intervention_R,1.792234389230788
P3_add_od_exposure,New York,intervention_C,0.6915859374251933
P3_add_od_exposure,New York,intervention_S,-2.050479754185691
P3_add_od_exposure,New York,budget_fraction_of_baseline,0.41736678602605015
P3_add_od_exposure,New York,log_eta_per_cost,3.6901720872851222
P3_add_od_exposure,New York,eta_per_cost_rank,1.0717859617893841
P3_add_od_exposure,New York,local_remaining_rank,1.3485197766314216
P3_add_od_exposure,New York,access_remaining_rank,-0.046838232350183154
P3_add_od_exposure,New York,passive_b_rank,0.1701591323242323
P3_add_od_exposure,New York,passive_ell_rank,0.07608564926629804
P3_add_od_exposure,New York,b0_rank,-0.13090489719778237
P3_add_od_exposure,New York,h_total_rank,-0.43133260407582147
P3_add_od_exposure,New York,local_need_rank,-0.5669603020654405
P3_add_od_exposure,New York,origin_exposure_rank,-0.008803058413765366
P3_add_od_exposure,New York,destination_importance_rank,0.5322528862285192
P3_add_od_exposure,New York,log_law_exposure,0.8022851469645887
P3_add_od_exposure,Philadelphia,time_remaining_frac,0.13266493055733986
P3_add_od_exposure,Philadelphia,delay_feasible,0.40475658551308175
P3_add_od_exposure,Philadelphia,delay_fraction,0.5662577064608949
P3_add_od_exposure,Philadelphia,intervention_R,1.7322653812833197
P3_add_od_exposure,Philadelphia,intervention_C,0.5509614688033623
P3_add_od_exposure,Philadelphia,intervention_S,-2.031755118007789
P3_add_od_exposure,Philadelphia,budget_fraction_of_baseline,0.4148983477168671
P3_add_od_exposure,Philadelphia,log_eta_per_cost,3.616490030582071
P3_add_od_exposure,Philadelphia,eta_per_cost_rank,3.38329251019586
P3_add_od_exposure,Philadelphia,local_remaining_rank,5.263343704946696
P3_add_od_exposure,Philadelphia,access_remaining_rank,0.039449275966121335
P3_add_od_exposure,Philadelphia,passive_b_rank,0.26495911541778355
P3_add_od_exposure,Philadelphia,passive_ell_rank,-0.06538076086681427
P3_add_od_exposure,Philadelphia,b0_rank,-0.24559866326850469
P3_add_od_exposure,Philadelphia,h_total_rank,-0.2426277850957987
P3_add_od_exposure,Philadelphia,local_need_rank,-0.6995788261747075
P3_add_od_exposure,Philadelphia,origin_exposure_rank,-0.053568594893618156
P3_add_od_exposure,Philadelphia,destination_importance_rank,-1.1859566758943967
P3_add_od_exposure,Philadelphia,log_law_exposure,1.1263963670941644
P3_add_od_exposure,San Antonio,time_remaining_frac,0.11930349444510517
P3_add_od_exposure,San Antonio,delay_feasible,0.3853457992162823
P3_add_od_exposure,San Antonio,delay_fraction,0.6805289199998711
P3_add_od_exposure,San Antonio,intervention_R,2.163269940329591
P3_add_od_exposure,San Antonio,intervention_C,0.7135979362641145
P3_add_od_exposure,San Antonio,intervention_S,-2.51536673884026
P3_add_od_exposure,San Antonio,budget_fraction_of_baseline,0.3424275012467841
P3_add_od_exposure,San Antonio,log_eta_per_cost,4.482257288016106
P3_add_od_exposure,San Antonio,eta_per_cost_rank,-4.739009456675212
P3_add_od_exposure,San Antonio,local_remaining_rank,-1.6631617956716194
P3_add_od_exposure,San Antonio,access_remaining_rank,0.030564899744618765
P3_add_od_exposure,San Antonio,passive_b_rank,0.24066353921206987
P3_add_od_exposure,San Antonio,passive_ell_rank,-0.04385485212909086
P3_add_od_exposure,San Antonio,b0_rank,-0.13109925420472437
P3_add_od_exposure,San Antonio,h_total_rank,-0.19817182458937732
P3_add_od_exposure,San Antonio,local_need_rank,-0.782613990040309
P3_add_od_exposure,San Antonio,origin_exposure_rank,-0.03983212093219316
P3_add_od_exposure,San Antonio,destination_importance_rank,-2.4040458061002616
P3_add_od_exposure,San Antonio,log_law_exposure,0.9905656696571851
P4_add_structure_scarcity,Austin,time_remaining_frac,0.1163681571442422
P4_add_structure_scarcity,Austin,delay_feasible,0.3784531370984755
P4_add_structure_scarcity,Austin,delay_fraction,0.7897593756321838
P4_add_structure_scarcity,Austin,intervention_R,2.569891000921109
P4_add_structure_scarcity,Austin,intervention_C,0.8586118805050253
P4_add_structure_scarcity,Austin,intervention_S,-2.9772199028603827
P4_add_structure_scarcity,Austin,budget_fraction_of_baseline,0.3422037402985915
P4_add_structure_scarcity,Austin,log_eta_per_cost,5.256440392150665
P4_add_structure_scarcity,Austin,eta_per_cost_rank,-1.2919624559196976
P4_add_structure_scarcity,Austin,local_remaining_rank,1.8563120633997108
P4_add_structure_scarcity,Austin,access_remaining_rank,0.042297881027854256
P4_add_structure_scarcity,Austin,passive_b_rank,0.2276136019029683
P4_add_structure_scarcity,Austin,passive_ell_rank,-0.04575244436784297
P4_add_structure_scarcity,Austin,b0_rank,-0.16232898351579672
P4_add_structure_scarcity,Austin,h_total_rank,-0.2009890232155418
P4_add_structure_scarcity,Austin,local_need_rank,-0.7366016110541082
P4_add_structure_scarcity,Austin,origin_exposure_rank,-0.0736457901050242
P4_add_structure_scarcity,Austin,destination_importance_rank,-2.489538447127099
P4_add_structure_scarcity,Austin,log_law_exposure,1.0217646968297485
P4_add_structure_scarcity,Austin,out_degree_rank,-0.008102134773531298
P4_add_structure_scarcity,Austin,in_degree_rank,-0.008685029743215588
P4_add_structure_scarcity,Austin,od_scarcity,0.00810210927646783
P4_add_structure_scarcity,Austin,structure_only_score,-0.06758832449013266
P4_add_structure_scarcity,Chicago,time_remaining_frac,0.11147778262665041
P4_add_structure_scarcity,Chicago,delay_feasible,0.4272324612476298
P4_add_structure_scarcity,Chicago,delay_fraction,0.8401090696700835
P4_add_structure_scarcity,Chicago,intervention_R,2.659911767467731
P4_add_structure_scarcity,Chicago,intervention_C,0.8739367985597047
P4_add_structure_scarcity,Chicago,intervention_S,-3.106948057222876
P4_add_structure_scarcity,Chicago,budget_fraction_of_baseline,0.248941852113415
P4_add_structure_scarcity,Chicago,log_eta_per_cost,5.45955205559701
P4_add_structure_scarcity,Chicago,eta_per_cost_rank,-2.7423205664764807
P4_add_structure_scarcity,Chicago,local_remaining_rank,0.288036085007842
P4_add_structure_scarcity,Chicago,access_remaining_rank,0.059184043859146926
P4_add_structure_scarcity,Chicago,passive_b_rank,0.20678274420584467
P4_add_structure_scarcity,Chicago,passive_ell_rank,-0.04382156838950082
P4_add_structure_scarcity,Chicago,b0_rank,-0.23152930664190305
P4_add_structure_scarcity,Chicago,h_total_rank,-0.2320605264206514
P4_add_structure_scarcity,Chicago,local_need_rank,-0.7341103131609437
P4_add_structure_scarcity,Chicago,origin_exposure_rank,-0.0654626826698739
P4_add_structure_scarcity,Chicago,destination_importance_rank,-2.175375495887128
P4_add_structure_scarcity,Chicago,log_law_exposure,1.0489023828496058
P4_add_structure_scarcity,Chicago,out_degree_rank,-0.015111463752877695
P4_add_structure_scarcity,Chicago,in_degree_rank,-0.020473874183515987
P4_add_structure_scarcity,Chicago,od_scarcity,0.015111401162408849
P4_add_structure_scarcity,Chicago,structure_only_score,-0.09020730959596462
P4_add_structure_scarcity,Dallas,time_remaining_frac,0.11688284001029679
P4_add_structure_scarcity,Dallas,delay_feasible,0.42754931754463443
P4_add_structure_scarcity,Dallas,delay_fraction,0.0053955378704318635
P4_add_structure_scarcity,Dallas,intervention_R,0.05722022327187258
P4_add_structure_scarcity,Dallas,intervention_C,0.0366153056137852
P4_add_structure_scarcity,Dallas,intervention_S,-0.08258791461438497
P4_add_structure_scarcity,Dallas,budget_fraction_of_baseline,0.24732420112924694
P4_add_structure_scarcity,Dallas,log_eta_per_cost,0.3426419387990525
P4_add_structure_scarcity,Dallas,eta_per_cost_rank,-3.3033316529121923
P4_add_structure_scarcity,Dallas,local_remaining_rank,-0.631764812357376
P4_add_structure_scarcity,Dallas,access_remaining_rank,0.05549198240952235
P4_add_structure_scarcity,Dallas,passive_b_rank,0.196396461541411
P4_add_structure_scarcity,Dallas,passive_ell_rank,-0.05681517158019607
P4_add_structure_scarcity,Dallas,b0_rank,-0.20174785951619756
P4_add_structure_scarcity,Dallas,h_total_rank,-0.1904824899038174
P4_add_structure_scarcity,Dallas,local_need_rank,-0.7038814671771044
P4_add_structure_scarcity,Dallas,origin_exposure_rank,-0.12060957269019787
P4_add_structure_scarcity,Dallas,destination_importance_rank,-1.988932512710187
P4_add_structure_scarcity,Dallas,log_law_exposure,1.0177411299489252
P4_add_structure_scarcity,Dallas,out_degree_rank,0.0346588501041749
P4_add_structure_scarcity,Dallas,in_degree_rank,-0.10617366578378891
P4_add_structure_scarcity,Dallas,od_scarcity,-0.03465890702259823
P4_add_structure_scarcity,Dallas,structure_only_score,-0.006923980001818876
P4_add_structure_scarcity,Houston,time_remaining_frac,0.11803987179259626
P4_add_structure_scarcity,Houston,delay_feasible,0.417500761802677
P4_add_structure_scarcity,Houston,delay_fraction,0.6773577587931062
P4_add_structure_scarcity,Houston,intervention_R,2.2535835668124697
P4_add_structure_scarcity,Houston,intervention_C,0.7699300278446285
P4_add_structure_scarcity,Houston,intervention_S,-2.607860112981245
P4_add_structure_scarcity,Houston,budget_fraction_of_baseline,0.3081823753607728
P4_add_structure_scarcity,Houston,log_eta_per_cost,4.634685471282032
P4_add_structure_scarcity,Houston,eta_per_cost_rank,-3.7406138016609085
P4_add_structure_scarcity,Houston,local_remaining_rank,-0.5416776235020825
P4_add_structure_scarcity,Houston,access_remaining_rank,0.048553363948665454
P4_add_structure_scarcity,Houston,passive_b_rank,0.21573782214179232
P4_add_structure_scarcity,Houston,passive_ell_rank,-0.04475286877305716
P4_add_structure_scarcity,Houston,b0_rank,-0.1623564368082616
P4_add_structure_scarcity,Houston,h_total_rank,-0.21073573938940737
P4_add_structure_scarcity,Houston,local_need_rank,-0.7279441772664377
P4_add_structure_scarcity,Houston,origin_exposure_rank,-0.07415086651472287
P4_add_structure_scarcity,Houston,destination_importance_rank,-2.48000756102172
P4_add_structure_scarcity,Houston,log_law_exposure,1.0454063105582094
P4_add_structure_scarcity,Houston,out_degree_rank,-0.009930655548800288
P4_add_structure_scarcity,Houston,in_degree_rank,-0.027309946128557715
P4_add_structure_scarcity,Houston,od_scarcity,0.009930626906385593
P4_add_structure_scarcity,Houston,structure_only_score,-0.07372353416624014
P4_add_structure_scarcity,New York,time_remaining_frac,0.11739604268518365
P4_add_structure_scarcity,New York,delay_feasible,0.4840577043136166
P4_add_structure_scarcity,New York,delay_fraction,0.6046901145132704
P4_add_structure_scarcity,New York,intervention_R,2.356177669108346
P4_add_structure_scarcity,New York,intervention_C,0.8952106074936769
P4_add_structure_scarcity,New York,intervention_S,-2.6816657001372946
P4_add_structure_scarcity,New York,budget_fraction_of_baseline,0.4225961604751147
P4_add_structure_scarcity,New York,log_eta_per_cost,4.773261920106501
P4_add_structure_scarcity,New York,eta_per_cost_rank,0.561987689707043
P4_add_structure_scarcity,New York,local_remaining_rank,1.2436106695897282
P4_add_structure_scarcity,New York,access_remaining_rank,-0.068458550444921
P4_add_structure_scarcity,New York,passive_b_rank,0.15039811944564635
P4_add_structure_scarcity,New York,passive_ell_rank,0.10104092697058757
P4_add_structure_scarcity,New York,b0_rank,-0.13058686747072767
P4_add_structure_scarcity,New York,h_total_rank,-0.4319997717722917
P4_add_structure_scarcity,New York,local_need_rank,-0.5625223461246158
P4_add_structure_scarcity,New York,origin_exposure_rank,-0.011796878652718468
P4_add_structure_scarcity,New York,destination_importance_rank,0.15464468312237312
P4_add_structure_scarcity,New York,log_law_exposure,0.8258977395756691
P4_add_structure_scarcity,New York,out_degree_rank,-0.026587060833154832
P4_add_structure_scarcity,New York,in_degree_rank,0.042845285651437616
P4_add_structure_scarcity,New York,od_scarcity,0.026586960230439476
P4_add_structure_scarcity,New York,structure_only_score,-0.08948744127778507
P4_add_structure_scarcity,Philadelphia,time_remaining_frac,0.13347425292064596
P4_add_structure_scarcity,Philadelphia,delay_feasible,0.40488818157607337
P4_add_structure_scarcity,Philadelphia,delay_fraction,0.6424914517835568
P4_add_structure_scarcity,Philadelphia,intervention_R,1.9643073952231862
P4_add_structure_scarcity,Philadelphia,intervention_C,0.6241712014525119
P4_add_structure_scarcity,Philadelphia,intervention_S,-2.303306448216455
P4_add_structure_scarcity,Philadelphia,budget_fraction_of_baseline,0.4194271358915721
P4_add_structure_scarcity,Philadelphia,log_eta_per_cost,4.073549795772838
P4_add_structure_scarcity,Philadelphia,eta_per_cost_rank,3.1110905052181503
P4_add_structure_scarcity,Philadelphia,local_remaining_rank,4.971652601504788
P4_add_structure_scarcity,Philadelphia,access_remaining_rank,0.04991079609485752
P4_add_structure_scarcity,Philadelphia,passive_b_rank,0.2678741121591932
P4_add_structure_scarcity,Philadelphia,passive_ell_rank,-0.06851228959787067
P4_add_structure_scarcity,Philadelphia,b0_rank,-0.24777260013714986
P4_add_structure_scarcity,Philadelphia,h_total_rank,-0.24404921195691157
P4_add_structure_scarcity,Philadelphia,local_need_rank,-0.6974598627829254
P4_add_structure_scarcity,Philadelphia,origin_exposure_rank,-0.055764178143189916
P4_add_structure_scarcity,Philadelphia,destination_importance_rank,-1.122063978050725
P4_add_structure_scarcity,Philadelphia,log_law_exposure,1.1379622749342229
P4_add_structure_scarcity,Philadelphia,out_degree_rank,-0.0223621484282871
P4_add_structure_scarcity,Philadelphia,in_degree_rank,-0.01848850288313444
P4_add_structure_scarcity,Philadelphia,od_scarcity,0.022362201705791798
P4_add_structure_scarcity,Philadelphia,structure_only_score,-0.06159249206767077
P4_add_structure_scarcity,San Antonio,time_remaining_frac,0.12062442209146888
P4_add_structure_scarcity,San Antonio,delay_feasible,0.3855234196498804
P4_add_structure_scarcity,San Antonio,delay_fraction,0.7591680879590618
P4_add_structure_scarcity,San Antonio,intervention_R,2.4104400347545405
P4_add_structure_scarcity,San Antonio,intervention_C,0.7937759558452313
P4_add_structure_scarcity,San Antonio,intervention_S,-2.8013865841901358
P4_add_structure_scarcity,San Antonio,budget_fraction_of_baseline,0.34388613721410505
P4_add_structure_scarcity,San Antonio,log_eta_per_cost,4.965773527426242
P4_add_structure_scarcity,San Antonio,eta_per_cost_rank,-4.673814798162363
P4_add_structure_scarcity,San Antonio,local_remaining_rank,-1.505789281186872
P4_add_structure_scarcity,San Antonio,access_remaining_rank,0.05110146638344883
P4_add_structure_scarcity,San Antonio,passive_b_rank,0.24258972610041818
P4_add_structure_scarcity,San Antonio,passive_ell_rank,-0.045561381182188644
P4_add_structure_scarcity,San Antonio,b0_rank,-0.1412441943297358
P4_add_structure_scarcity,San Antonio,h_total_rank,-0.20057188727708344
P4_add_structure_scarcity,San Antonio,local_need_rank,-0.776279470129287
P4_add_structure_scarcity,San Antonio,origin_exposure_rank,-0.08997403223794319
P4_add_structure_scarcity,San Antonio,destination_importance_rank,-2.4456410541974
P4_add_structure_scarcity,San Antonio,log_law_exposure,0.9921965015028378
P4_add_structure_scarcity,San Antonio,out_degree_rank,0.01625671759345612
P4_add_structure_scarcity,San Antonio,in_degree_rank,-0.032754392845302
P4_add_structure_scarcity,San Antonio,od_scarcity,-0.01625674410763451
P4_add_structure_scarcity,San Antonio,structure_only_score,-0.04632227458537161
P5_parameter_light_factorized,Austin,delay_feasible,0.3561244658797254
P5_parameter_light_factorized,Austin,log_active_weighted_horizon,0.04883979357324313
P5_parameter_light_factorized,Austin,log_law_exposure,0.711540741069379
P5_parameter_light_factorized,Austin,intervention_R,-0.224145795173095
P5_parameter_light_factorized,Austin,intervention_C,0.021808503385088503
P5_parameter_light_factorized,Austin,intervention_S,0.1611380341503921
P5_parameter_light_factorized,Chicago,delay_feasible,0.3990480097680038
P5_parameter_light_factorized,Chicago,log_active_weighted_horizon,0.04865783948115541
P5_parameter_light_factorized,Chicago,log_law_exposure,0.7934814415345075
P5_parameter_light_factorized,Chicago,intervention_R,-0.2115441582011475
P5_parameter_light_factorized,Chicago,intervention_C,0.02994515553223879
P5_parameter_light_factorized,Chicago,intervention_S,0.14549357762331683
P5_parameter_light_factorized,Dallas,delay_feasible,0.39648588036805094
P5_parameter_light_factorized,Dallas,log_active_weighted_horizon,0.10767515021101569
P5_parameter_light_factorized,Dallas,log_law_exposure,0.8066282776475117
P5_parameter_light_factorized,Dallas,intervention_R,-0.23516544987107266
P5_parameter_light_factorized,Dallas,intervention_C,0.010975386661090209
P5_parameter_light_factorized,Dallas,intervention_S,0.17546002090776971
P5_parameter_light_factorized,Houston,delay_feasible,0.3928681659062665
P5_parameter_light_factorized,Houston,log_active_weighted_horizon,0.06787319012161562
P5_parameter_light_factorized,Houston,log_law_exposure,0.7611256079716516
P5_parameter_light_factorized,Houston,intervention_R,-0.23203377141417114
P5_parameter_light_factorized,Houston,intervention_C,0.02525958033673879
P5_parameter_light_factorized,Houston,intervention_S,0.16235083958220162
P5_parameter_light_factorized,New York,delay_feasible,0.4782135012570238
P5_parameter_light_factorized,New York,log_active_weighted_horizon,0.11398212217663899
P5_parameter_light_factorized,New York,log_law_exposure,0.5280658929740254
P5_parameter_light_factorized,New York,intervention_R,-0.2978108454322761
P5_parameter_light_factorized,New York,intervention_C,0.057835754135880685
P5_parameter_light_factorized,New York,intervention_S,0.16763031377086113
P5_parameter_light_factorized,Philadelphia,delay_feasible,0.3830880846248063
P5_parameter_light_factorized,Philadelphia,log_active_weighted_horizon,0.08976569029277975
P5_parameter_light_factorized,Philadelphia,log_law_exposure,0.7897594592819431
P5_parameter_light_factorized,Philadelphia,intervention_R,-0.21988835574574322
P5_parameter_light_factorized,Philadelphia,intervention_C,0.016818147192597027
P5_parameter_light_factorized,Philadelphia,intervention_S,0.1689490983747546
P5_parameter_light_factorized,San Antonio,delay_feasible,0.3685607798907668
P5_parameter_light_factorized,San Antonio,log_active_weighted_horizon,0.06949238055802166
P5_parameter_light_factorized,San Antonio,log_law_exposure,0.700356434795057
P5_parameter_light_factorized,San Antonio,intervention_R,-0.2321270262280288
P5_parameter_light_factorized,San Antonio,intervention_C,0.022639925564680675
P5_parameter_light_factorized,San Antonio,intervention_S,0.16894027111013038
P6_full_factorized,Austin,delay_feasible,0.36071267584879213
P6_full_factorized,Austin,log_active_weighted_horizon,0.05802395380500235
P6_full_factorized,Austin,log_law_exposure,0.7913246529884033
P6_full_factorized,Austin,log_eta_per_cost,4.170632521843449
P6_full_factorized,Austin,intervention_R,2.3024291415998897
P6_full_factorized,Austin,intervention_C,0.3547257117077954
P6_full_factorized,Austin,intervention_S,-2.244958358931817
P6_full_factorized,Chicago,delay_feasible,0.40505527942395414
P6_full_factorized,Chicago,log_active_weighted_horizon,0.06288254938482098
P6_full_factorized,Chicago,log_law_exposure,0.8423079109075807
P6_full_factorized,Chicago,log_eta_per_cost,3.3468528197312004
P6_full_factorized,Chicago,intervention_R,1.8118501559077622
P6_full_factorized,Chicago,intervention_C,0.2748780140436084
P6_full_factorized,Chicago,intervention_S,-1.7889972336718851
P6_full_factorized,Dallas,delay_feasible,0.3989949600797423
P6_full_factorized,Dallas,log_active_weighted_horizon,0.11344052990591078
P6_full_factorized,Dallas,log_law_exposure,0.8267865643590387
P6_full_factorized,Dallas,log_eta_per_cost,1.3761809694509581
P6_full_factorized,Dallas,intervention_R,0.5978851643969649
P6_full_factorized,Dallas,intervention_C,0.13867838595196874
P6_full_factorized,Dallas,intervention_S,-0.6152559065966244
P6_full_factorized,Houston,delay_feasible,0.3980668508346373
P6_full_factorized,Houston,log_active_weighted_horizon,0.07965324032503403
P6_full_factorized,Houston,log_law_exposure,0.8087742557139292
P6_full_factorized,Houston,log_eta_per_cost,3.0731090675483346
P6_full_factorized,Houston,intervention_R,1.626222001168816
P6_full_factorized,Houston,intervention_C,0.28358569709072234
P6_full_factorized,Houston,intervention_S,-1.6056324017778032
P6_full_factorized,New York,delay_feasible,0.4790127236691291
P6_full_factorized,New York,log_active_weighted_horizon,0.11534151567188146
P6_full_factorized,New York,log_law_exposure,0.5448431894079291
P6_full_factorized,New York,log_eta_per_cost,0.9133137418301095
P6_full_factorized,New York,intervention_R,0.25405830976075333
P6_full_factorized,New York,intervention_C,0.15862936098772368
P6_full_factorized,New York,intervention_S,-0.3513779034481631
P6_full_factorized,Philadelphia,delay_feasible,0.38958603651898
P6_full_factorized,Philadelphia,log_active_weighted_horizon,0.10475737655691136
P6_full_factorized,Philadelphia,log_law_exposure,0.837699758620084
P6_full_factorized,Philadelphia,log_eta_per_cost,3.2397897550095562
P6_full_factorized,Philadelphia,intervention_R,1.735903399275909
P6_full_factorized,Philadelphia,intervention_C,0.23158127870007097
P6_full_factorized,Philadelphia,intervention_S,-1.7073561564945212
P6_full_factorized,San Antonio,delay_feasible,0.372656664012803
P6_full_factorized,San Antonio,log_active_weighted_horizon,0.07802028364610887
P6_full_factorized,San Antonio,log_law_exposure,0.7401959629813325
P6_full_factorized,San Antonio,log_eta_per_cost,2.5284119947919206
P6_full_factorized,San Antonio,intervention_R,1.2947875737473074
P6_full_factorized,San Antonio,intervention_C,0.21429302676323478
P6_full_factorized,San Antonio,intervention_S,-1.2889427528309354
P7_full_additive,Austin,local_remaining_rank,4.038453771551814
P7_full_additive,Austin,access_remaining_rank,0.005768994840359366
P7_full_additive,Austin,passive_b_rank,-0.03275142794076177
P7_full_additive,Austin,passive_ell_rank,-0.024654093658870266
P7_full_additive,Austin,b0_rank,0.05775789009969945
P7_full_additive,Austin,h_total_rank,-0.13970834568533383
P7_full_additive,Austin,local_need_rank,-0.3443180936650942
P7_full_additive,Austin,origin_exposure_rank,-0.043542944846242986
P7_full_additive,Austin,destination_importance_rank,-1.0288157609399926
P7_full_additive,Austin,log_law_exposure,0.9047851529643287
P7_full_additive,Austin,out_degree_rank,0.002676753640779102
P7_full_additive,Austin,in_degree_rank,-0.0026167622596224532
P7_full_additive,Austin,od_scarcity,-0.0026767836096804024
P7_full_additive,Austin,structure_only_score,-0.0088111827568245
P7_full_additive,Austin,time_remaining_frac,0.03505901877641275
P7_full_additive,Austin,log_active_weighted_horizon,0.2693203595281446
P7_full_additive,Austin,active_future_loss_share,0.10117494951857835
P7_full_additive,Austin,delay_feasible,0.3671269272105387
P7_full_additive,Austin,delay_fraction,0.20629766360498655
P7_full_additive,Austin,log_eta_per_cost,1.8038739722519705
P7_full_additive,Austin,eta_per_cost_rank,2.6945702740919346
P7_full_additive,Austin,intervention_R,0.7250069002734576
P7_full_additive,Austin,intervention_C,0.2674009620008998
P7_full_additive,Austin,intervention_S,-0.8655723787318272
P7_full_additive,Austin,budget_fraction_of_baseline,0.2501873621519535
P7_full_additive,Austin,log_event_total_precip,0.013086982774649434
P7_full_additive,Austin,log_event_peak_precip,0.03559124205702206
P7_full_additive,Austin,event_peak_positive_abnormal_deficit,-0.33854007808855413
P7_full_additive,Austin,weighted_b0,-0.32783192684449314
P7_full_additive,Austin,weighted_h_total,-0.22380178137190412
P7_full_additive,Chicago,local_remaining_rank,1.2654897004032173
P7_full_additive,Chicago,access_remaining_rank,0.010515320890971023
P7_full_additive,Chicago,passive_b_rank,-0.041716605497772445
P7_full_additive,Chicago,passive_ell_rank,-0.013901518514690315
P7_full_additive,Chicago,b0_rank,0.029754661649123028
P7_full_additive,Chicago,h_total_rank,-0.1490236736070735
P7_full_additive,Chicago,local_need_rank,-0.35568865735539995
P7_full_additive,Chicago,origin_exposure_rank,-0.0372992794295303
P7_full_additive,Chicago,destination_importance_rank,-0.9672028785492065
P7_full_additive,Chicago,log_law_exposure,0.9220103647138347
P7_full_additive,Chicago,out_degree_rank,0.0006800475956755706
P7_full_additive,Chicago,in_degree_rank,-0.010608765022605514
P7_full_additive,Chicago,od_scarcity,-0.0006800938386142845
P7_full_additive,Chicago,structure_only_score,-0.023006560080743345
P7_full_additive,Chicago,time_remaining_frac,0.03049025463385285
P7_full_additive,Chicago,log_active_weighted_horizon,0.27970519443625147
P7_full_additive,Chicago,active_future_loss_share,0.0870280587262059
P7_full_additive,Chicago,delay_feasible,0.4169596533202771
P7_full_additive,Chicago,delay_fraction,0.13048959227021895
P7_full_additive,Chicago,log_eta_per_cost,1.3300970817176938
P7_full_additive,Chicago,eta_per_cost_rank,-0.1086240505375772
P7_full_additive,Chicago,intervention_R,0.47603445007923917
P7_full_additive,Chicago,intervention_C,0.18697891251929102
P7_full_additive,Chicago,intervention_S,-0.5872747186214612
P7_full_additive,Chicago,budget_fraction_of_baseline,0.1824084056060526
P7_full_additive,Chicago,log_event_total_precip,0.024522945808552497
P7_full_additive,Chicago,log_event_peak_precip,-0.005765857660416418
P7_full_additive,Chicago,event_peak_positive_abnormal_deficit,-0.2947086071473011
P7_full_additive,Chicago,weighted_b0,-0.33873232896711963
P7_full_additive,Chicago,weighted_h_total,-0.2632605484018697
P7_full_additive,Dallas,local_remaining_rank,1.1998015269095226
P7_full_additive,Dallas,access_remaining_rank,0.011909344364291426
P7_full_additive,Dallas,passive_b_rank,-0.038336952574100865
P7_full_additive,Dallas,passive_ell_rank,-0.023999251406812912
P7_full_additive,Dallas,b0_rank,0.057283934681910974
P7_full_additive,Dallas,h_total_rank,-0.13413806078065296
P7_full_additive,Dallas,local_need_rank,-0.3322696549255561
P7_full_additive,Dallas,origin_exposure_rank,-0.06363721870886252
P7_full_additive,Dallas,destination_importance_rank,-0.9194407940434692
P7_full_additive,Dallas,log_law_exposure,0.9082015411917288
P7_full_additive,Dallas,out_degree_rank,0.024700802177264333
P7_full_additive,Dallas,in_degree_rank,-0.056569552881524314
P7_full_additive,Dallas,od_scarcity,-0.024700847533709283
P7_full_additive,Dallas,structure_only_score,0.01403976156496949
P7_full_additive,Dallas,time_remaining_frac,0.026277935527395824
P7_full_additive,Dallas,log_active_weighted_horizon,0.2811057422124123
P7_full_additive,Dallas,active_future_loss_share,0.08147877230040924
P7_full_additive,Dallas,delay_feasible,0.41083405913649074
P7_full_additive,Dallas,delay_fraction,-0.13467104153467344
P7_full_additive,Dallas,log_eta_per_cost,-0.3345849847297991
P7_full_additive,Dallas,eta_per_cost_rank,-0.04467749662227116
P7_full_additive,Dallas,intervention_R,-0.3848017510768768
P7_full_additive,Dallas,intervention_C,-0.09860802314108424
P7_full_additive,Dallas,intervention_S,0.4054806763287202
P7_full_additive,Dallas,budget_fraction_of_baseline,0.20745748621337814
P7_full_additive,Dallas,log_event_total_precip,-0.011937791987679525
P7_full_additive,Dallas,log_event_peak_precip,0.025666440738419956
P7_full_additive,Dallas,event_peak_positive_abnormal_deficit,-0.21967520384562628
P7_full_additive,Dallas,weighted_b0,-0.3218978576900987
P7_full_additive,Dallas,weighted_h_total,-0.2809045538131214
P7_full_additive,Houston,local_remaining_rank,1.5613606178644066
P7_full_additive,Houston,access_remaining_rank,0.008326881114576308
P7_full_additive,Houston,passive_b_rank,-0.04134815296103904
P7_full_additive,Houston,passive_ell_rank,-0.01975617356868754
P7_full_additive,Houston,b0_rank,0.07228025106331754
P7_full_additive,Houston,h_total_rank,-0.14997604460157085
P7_full_additive,Houston,local_need_rank,-0.3433661170192759
P7_full_additive,Houston,origin_exposure_rank,-0.04218754392645954
P7_full_additive,Houston,destination_importance_rank,-1.0336295903019463
P7_full_additive,Houston,log_law_exposure,0.9132801688531503
P7_full_additive,Houston,out_degree_rank,0.005638166416234806
P7_full_additive,Houston,in_degree_rank,-0.021011248881997655
P7_full_additive,Houston,od_scarcity,-0.005638205659751071
P7_full_additive,Houston,structure_only_score,-0.009694692172344256
P7_full_additive,Houston,time_remaining_frac,0.03410065226735214
P7_full_additive,Houston,log_active_weighted_horizon,0.27486175006491
P7_full_additive,Houston,active_future_loss_share,0.09064562828076708
P7_full_additive,Houston,delay_feasible,0.4076632159532402
P7_full_additive,Houston,delay_fraction,0.07756328802068001
P7_full_additive,Houston,log_eta_per_cost,1.0294123453106852
P7_full_additive,Houston,eta_per_cost_rank,0.18044589264236388
P7_full_additive,Houston,intervention_R,0.3238691445045198
P7_full_additive,Houston,intervention_C,0.14067208644394777
P7_full_additive,Houston,intervention_S,-0.405273673518929
P7_full_additive,Houston,budget_fraction_of_baseline,0.22724019528765532
P7_full_additive,Houston,log_event_total_precip,0.04687641609049122
P7_full_additive,Houston,log_event_peak_precip,0.0027256811752381536
P7_full_additive,Houston,event_peak_positive_abnormal_deficit,-0.29746624740431
P7_full_additive,Houston,weighted_b0,-0.34728991009985655
P7_full_additive,Houston,weighted_h_total,-0.2366179239276918
P7_full_additive,New York,local_remaining_rank,1.5652689365857535
P7_full_additive,New York,access_remaining_rank,-0.0046471219053598346
P7_full_additive,New York,passive_b_rank,-0.08792303319119155
P7_full_additive,New York,passive_ell_rank,0.003958636041492927
P7_full_additive,New York,b0_rank,0.06812246808669112
P7_full_additive,New York,h_total_rank,-0.2715341909551138
P7_full_additive,New York,local_need_rank,-0.18766455303257001
P7_full_additive,New York,origin_exposure_rank,-0.011010256140583034
P7_full_additive,New York,destination_importance_rank,0.8392498915045535
P7_full_additive,New York,log_law_exposure,0.7456618810995489
P7_full_additive,New York,out_degree_rank,0.00668171094933264
P7_full_additive,New York,in_degree_rank,0.010452215041621091
P7_full_additive,New York,od_scarcity,-0.006681754750551805
P7_full_additive,New York,structure_only_score,-0.0013253069576268717
P7_full_additive,New York,time_remaining_frac,0.02886497990090152
P7_full_additive,New York,log_active_weighted_horizon,0.2582057880546035
P7_full_additive,New York,active_future_loss_share,0.051161176297941605
P7_full_additive,New York,delay_feasible,0.4862124121511749
P7_full_additive,New York,delay_fraction,0.06953659784382431
P7_full_additive,New York,log_eta_per_cost,1.091322891928585
P7_full_additive,New York,eta_per_cost_rank,2.0083724973702752
P7_full_additive,New York,intervention_R,0.35800287037225165
P7_full_additive,New York,intervention_C,0.1687556028813435
P7_full_additive,New York,intervention_S,-0.44025755405249983
P7_full_additive,New York,budget_fraction_of_baseline,0.2168512637320189
P7_full_additive,New York,log_event_total_precip,0.13259924227625003
P7_full_additive,New York,log_event_peak_precip,-0.14198530604367035
P7_full_additive,New York,event_peak_positive_abnormal_deficit,-0.12215567035219577
P7_full_additive,New York,weighted_b0,-0.48653764157715607
P7_full_additive,New York,weighted_h_total,-0.4206239112201056
P7_full_additive,Philadelphia,local_remaining_rank,4.075677271645708
P7_full_additive,Philadelphia,access_remaining_rank,0.017900716847999137
P7_full_additive,Philadelphia,passive_b_rank,-0.00674627793649691
P7_full_additive,Philadelphia,passive_ell_rank,-0.04211243020255271
P7_full_additive,Philadelphia,b0_rank,0.008238875192887385
P7_full_additive,Philadelphia,h_total_rank,-0.16788519599352558
P7_full_additive,Philadelphia,local_need_rank,-0.34187385176904356
P7_full_additive,Philadelphia,origin_exposure_rank,-0.03856862195111134
P7_full_additive,Philadelphia,destination_importance_rank,-0.49267743770287714
P7_full_additive,Philadelphia,log_law_exposure,1.0067560320432825
P7_full_additive,Philadelphia,out_degree_rank,-0.007197111641891186
P7_full_additive,Philadelphia,in_degree_rank,-0.020718433269207307
P7_full_additive,Philadelphia,od_scarcity,0.007197111039830479
P7_full_additive,Philadelphia,structure_only_score,-0.017026042624611007
P7_full_additive,Philadelphia,time_remaining_frac,0.03445360830289788
P7_full_additive,Philadelphia,log_active_weighted_horizon,0.3055664977221123
P7_full_additive,Philadelphia,active_future_loss_share,0.09228707661150792
P7_full_additive,Philadelphia,delay_feasible,0.39259636414275556
P7_full_additive,Philadelphia,delay_fraction,0.054972964855050335
P7_full_additive,Philadelphia,log_eta_per_cost,0.8542753065857078
P7_full_additive,Philadelphia,eta_per_cost_rank,3.2084487680007037
P7_full_additive,Philadelphia,intervention_R,0.22898784157373425
P7_full_additive,Philadelphia,intervention_C,0.10371242951546274
P7_full_additive,Philadelphia,intervention_S,-0.30024139374894476
P7_full_additive,Philadelphia,budget_fraction_of_baseline,0.3149897927160217
P7_full_additive,Philadelphia,log_event_total_precip,-0.007336653096004545
P7_full_additive,Philadelphia,log_event_peak_precip,0.07172403050100738
P7_full_additive,Philadelphia,event_peak_positive_abnormal_deficit,-0.2684545497487831
P7_full_additive,Philadelphia,weighted_b0,-0.32756626202151257
P7_full_additive,Philadelphia,weighted_h_total,-0.21822302737835922
P7_full_additive,San Antonio,local_remaining_rank,0.551702856104995
P7_full_additive,San Antonio,access_remaining_rank,0.01162621394143058
P7_full_additive,San Antonio,passive_b_rank,-0.026257854662127187
P7_full_additive,San Antonio,passive_ell_rank,-0.02148162117318905
P7_full_additive,San Antonio,b0_rank,0.0742302754583073
P7_full_additive,San Antonio,h_total_rank,-0.11394315455787284
P7_full_additive,San Antonio,local_need_rank,-0.3760850364415445
P7_full_additive,San Antonio,origin_exposure_rank,-0.046740776860944785
P7_full_additive,San Antonio,destination_importance_rank,-0.995670368767598
P7_full_additive,San Antonio,log_law_exposure,0.8741574990768863
P7_full_additive,San Antonio,out_degree_rank,0.017327680334344456
P7_full_additive,San Antonio,in_degree_rank,-0.025711229395789337
P7_full_additive,San Antonio,od_scarcity,-0.017327711563090865
P7_full_additive,San Antonio,structure_only_score,0.0019207870287577273
P7_full_additive,San Antonio,time_remaining_frac,0.03380787344442112
P7_full_additive,San Antonio,log_active_weighted_horizon,0.2866958467118522
P7_full_additive,San Antonio,active_future_loss_share,0.09837101207170858
P7_full_additive,San Antonio,delay_feasible,0.3747245070687757
P7_full_additive,San Antonio,delay_fraction,0.09398263252059659
P7_full_additive,San Antonio,log_eta_per_cost,1.0963126402654488
P7_full_additive,San Antonio,eta_per_cost_rank,-0.7823471153482242
P7_full_additive,San Antonio,intervention_R,0.35778122553522096
P7_full_additive,San Antonio,intervention_C,0.14651998519710174
P7_full_additive,San Antonio,intervention_S,-0.4450173964105748
P7_full_additive,San Antonio,budget_fraction_of_baseline,0.2553952781939789
P7_full_additive,San Antonio,log_event_total_precip,0.04866898136235383
P7_full_additive,San Antonio,log_event_peak_precip,0.017190458227263
P7_full_additive,San Antonio,event_peak_positive_abnormal_deficit,-0.34808960537233297
P7_full_additive,San Antonio,weighted_b0,-0.3110178648770488
P7_full_additive,San Antonio,weighted_h_total,-0.22241972466608964
